districtCode,constituencyName,prefixRaw,prefix,firstName,lastName,email,ministryEmail,partyName,partyAbbreviationRaw,partyAbbreviation,roles,electionYears,isHonourable,honourableTitle,isDoctor,doctorTitle,isCounsel,counselTitle,profileUrl,imagePath,imageDescription,legOfficeRoom,legOfficePhoneRaw,legOfficePhone,legOfficeFaxRaw,legOfficeFax,legBuildingAddress,legBuildingCity,legBuildingPostalCode,conOfficeAddressRaw,conOfficeSuite,conOfficeStreet,conOfficePOBox,conOfficeCity,conOfficePostalCode,conOfficePhoneRaw,conOfficePhone,conOfficeFaxRaw,conOfficeFax,conOfficeTollFreeRaw,conOfficeTollFree,conOfficeEmail
ABS,Abbotsford South,Mr.,Mr.,Bruce,Banman,Bruce.Banman.MLA@leg.bc.ca,,Independent,Independent,Independent,,"2020, 2024",False,,False,,False,,https://www.leg.bc.ca/members/43rd-Parliament/Banman-Bruce,https://lims.leg.bc.ca/public/images/mla-headshots/43/small/Banman-Bruce.jpg,MLA Bruce Banman,Room 201,2503873507,(250) 387-3507,,,Parliament Buildings,Victoria,V8V 1X4,"#304 - 2031, McCallum Rd",304,2031 McCallum Rd,,Abbotsford,V2S 3N5,6047440700,(604) 744-0700,6047440701,(604) 744-0701,,,
ABW,Abbotsford West,Mr.,Mr.,Korky,Neufeld,Korky.Neufeld.MLA@leg.bc.ca,,Conservative Party of British Columbia,Conservative Party of British Columbia,Conservative,,2024,False,,False,,False,,https://www.leg.bc.ca/members/43rd-Parliament/Neufeld-Korky,https://lims.leg.bc.ca/public/images/mla-headshots/43/small/Neufeld-Korky.jpg,MLA Korky Neufeld,Room 201,2503873507,(250) 387-3507,,,Parliament Buildings,Victoria,V8V 1X4,#103 - 32660 George Ferguson Way,103,32660 George Ferguson Way,,Abbotsford,V2T 4V6,6048705486,(604) 870-5486,6048705444,(604) 870-5444,,,
BDS,Boundary-Similkameen,Ms.,Ms.,Donegal,Wilson,Donegal.Wilson.MLA@leg.bc.ca,,Independent,Independent,Independent,,2024,False,,False,,False,,https://www.leg.bc.ca/members/43rd-Parliament/Wilson-Donegal,https://lims.leg.bc.ca/public/images/mla-headshots/43/small/Wilson-Donegal.jpg,MLA Donegal Wilson,Room 201,2503873507,(250) 387-3507,,,Parliament Buildings,Victoria,V8V 1X4,712 5th Street,,712 5th Street,,Keremeos,V0X 1N0,,,,,,,
BLS,Bulkley Valley-Stikine,Ms.,Ms.,Sharon,Hartwell,Sharon.Hartwell.MLA@leg.bc.ca,,Conservative Party of British Columbia,Conservative Party of British Columbia,Conservative,,2024,False,,False,,False,,https://www.leg.bc.ca/members/43rd-Parliament/Hartwell-Sharon,https://lims.leg.bc.ca/public/images/mla-headshots/43/small/Hartwell-Sharon.jpg,MLA Sharon L. Hartwell,Room 201,2503873507,(250) 387-3507,,,Parliament Buildings,Victoria,V8V 1X4,1164 Main Street,,1164 Main Street,,Smithers,V0J 2N0,778 640-1116,(778) 640-1116,,,,,
BNC,Burnaby Centre,Ms.,Ms.,Anne,Kang,Anne.Kang.MLA@leg.bc.ca,TACS.Minister@gov.bc.ca,British Columbia New Democratic Party,BC NDP,NDP,"Minister of Tourism, Arts, Culture and Sport","2017, 2020, 2024",True,Hon.,False,,False,,https://www.leg.bc.ca/members/43rd-Parliament/Kang-Anne,https://lims.leg.bc.ca/public/images/mla-headshots/43/small/Kang-Anne.jpg,MLA Anne Kang,Post-Secondary Education and Future Skills,2503560179,(250) 356-0179,,,Parliament Buildings,Victoria,V8V 1X4,105-6411 Nelson Avenue,105,6411 Nelson Avenue,,Burnaby,V5H 4H3,604-775-0565,(604) 775-0565,604-775-2550,(604) 775-2550,,,
BNE,Burnaby East,Mrs.,Mrs.,Rohini,Arora,Rohini.Arora.MLA@leg.bc.ca,,British Columbia New Democratic Party,BC NDP,NDP,,2024,False,,False,,False,,https://www.leg.bc.ca/members/43rd-Parliament/Arora-Rohini,https://lims.leg.bc.ca/public/images/mla-headshots/43/small/Arora-Rohini.jpg,MLA Rohini Arora,Parliament Buildings,,,,,Parliament Buildings,Victoria,V8V 1X4,Unit 3 - 8699 10th Ave.,3,8699 10th Ave,,Burnaby,V3N 2S9,6046605058,(604) 660-5058,,,,,Rohini.Arora.MLA@leg.bc.ca
BNN,Burnaby-New Westminster,Mr.,Mr.,Raj,Chouhan,Raj.Chouhan.MLA@leg.bc.ca,,British Columbia New Democratic Party,BC NDP,NDP,Speaker of the Legislative Assembly,"2005, 2009, 2013, 2017, 2020, 2024",True,Hon.,False,,False,,https://www.leg.bc.ca/members/43rd-Parliament/Chouhan-Raj,https://lims.leg.bc.ca/public/images/mla-headshots/43/small/Chouhan-Raj.jpg,MLA Raj Chouhan,Speaker,,,,,Parliament Buildings,Victoria,V8V 1X4,923 12th Street,,923 12th Street,,New Westminster,V3M 4K7,6046607301,(604) 660-7301,6046607304,(604) 660-7304,,,Raj.Chouhan.MLA@leg.bc.ca
BNO,Burnaby North,Ms.,Ms.,Janet,Routledge,Janet.Routledge.mla@leg.bc.ca,,British Columbia New Democratic Party,BC NDP,NDP,,"2017, 2020, 2024",False,,False,,False,,https://www.leg.bc.ca/members/43rd-Parliament/Routledge-Janet,https://lims.leg.bc.ca/public/images/mla-headshots/43/small/Routledge-Janet.jpg,MLA Janet Routledge,Parliament Buildings,,,,,Parliament Buildings,Victoria,V8V 1X4,4270 Hastings Street,,4270 Hastings Street,,Burnaby,V5C 0J6,6047750778,(604) 775-0778,6047750833,(604) 775-0833,,,Janet.Routledge.mla@leg.bc.ca
BNS,Burnaby South-Metrotown,Mr.,Mr.,Paul,Choi,Paul.Choi.MLA@leg.bc.ca,,British Columbia New Democratic Party,BC NDP,NDP,,2024,False,,False,,False,,https://www.leg.bc.ca/members/43rd-Parliament/Choi-Paul,https://lims.leg.bc.ca/public/images/mla-headshots/43/small/Choi-Paul.jpg,MLA Paul Choi,Parliament Buildings,,,,,Parliament Buildings,Victoria,V8V 1X4,5234 Rumble Street,,5234 Rumble Street,,Burnaby,V5J 2B6,6046600855,(604) 660-0855,,,,,Paul.Choi.MLA@leg.bc.ca
CBC,Cariboo-Chilcotin,Mr.,Mr.,Lorne,Doerkson,Lorne.Doerkson.MLA@leg.bc.ca,,Conservative Party of British Columbia,Conservative Party of British Columbia,Conservative,,"2020, 2024",False,,False,,False,,https://www.leg.bc.ca/members/43rd-Parliament/Doerkson-Lorne,https://lims.leg.bc.ca/public/images/mla-headshots/43/small/Doerkson-Lorne.jpg,MLA Lorne Doerkson,Room 201,2503873507,(250) 387-3507,,,Parliament Buildings,Victoria,V8V 1X4,"#7 - 530 Horse Lake Road, PO Box  95",7,530 Horse Lake Road,PO Box 95,100 Mile House,V0K 2E0,2503953916,(250) 395-3916,,,866-305-3804,1-866-305-3804,
CHC,Chilliwack-Cultus Lake,,Ms.,Á'a:líya,Warbus,Aaliya.Warbus.MLA@leg.bc.ca,,Independent,Independent,Independent,,2024,False,,False,,False,,https://www.leg.bc.ca/members/43rd-Parliament/Warbus-%C3%81'a%3Al%C3%ADya,https://lims.leg.bc.ca/public/images/mla-headshots/43/small/A'aliya Warbus.jpg,MLA A'aliya Warbus,Room 201,2503873507,(250) 387-3507,,,Parliament Buildings,Victoria,V8V 1X4,Unit J4 6640 Vedder Road,J4,6640 Vedder Road,,Chilliwack,V2R 0J2,604-858-5299,(604) 858-5299,,,,,
CHN,Chilliwack North,Ms.,Ms.,Heather,Maahs,Heather.Maahs.MLA@leg.bc.ca,,Conservative Party of British Columbia,Conservative Party of British Columbia,Conservative,,2024,False,,False,,False,,https://www.leg.bc.ca/members/43rd-Parliament/Maahs-Heather,https://lims.leg.bc.ca/public/images/mla-headshots/43/small/Heather Maahs Updated Photo.jpeg,MLA Heather Maahs,Room 201,2503873507,(250) 387-3507,,,Parliament Buildings,Victoria,V8V 1X4,#1-45953 Airport Road,1,45953 Airport Road,,Chilliwack,V2P 1A3,604-702-5214,(604) 702-5214,,,,,
CLR,Columbia River-Revelstoke,Mr.,Mr.,Scott,McInnis,Scott.McInnis.MLA@leg.bc.ca,,Independent,Independent,Independent,,2024,False,,False,,False,,https://www.leg.bc.ca/members/43rd-Parliament/McInnis-Scott,https://lims.leg.bc.ca/public/images/mla-headshots/43/small/McInnis-Scott.jpg,MLA Scott McInnis,Room 201,2503873507,(250) 387-3507,,,Parliament Buildings,Victoria,V8V 1X4,362 Wallinger Ave.,,362 Wallinger Ave,,Kimberley,V1A 1Z4,2504322300,(250) 432-2300,,,,,
CQB,Coquitlam-Burke Mountain,Ms.,Ms.,Jodie,Wickens,Jodie.Wickens.MLA@leg.bc.ca,CFD.Minister@gov.bc.ca,British Columbia New Democratic Party,BC NDP,NDP,Minister of Children and Family Development,"2016, 2024",True,Hon.,False,,False,,https://www.leg.bc.ca/members/43rd-Parliament/Wickens-Jodie,https://lims.leg.bc.ca/public/images/mla-headshots/43/small/Wickens-Jodie.jpg,MLA Jodie Wickens,Children & Family Development,2503871977,(250) 387-1977,,,Parliament Buildings,Victoria,V8V 1X4,510-2950 Glen Drive,510,2950 Glen Drive,,Coquitlam,V3B 0J1,604-942-5020,(604) 942-5020,,,,,
CQM,Coquitlam-Maillardville,Ms.,Ms.,Jennifer,Blatherwick,Jennifer.Blatherwick.MLA@leg.bc.ca,,British Columbia New Democratic Party,BC NDP,NDP,,2024,False,,False,,False,,https://www.leg.bc.ca/members/43rd-Parliament/Blatherwick-Jennifer,https://lims.leg.bc.ca/public/images/mla-headshots/43/small/Blatherwick-Jennifer.jpg,MLA Jennifer Blatherwick,Parliament Buildings,,,,,Parliament Buildings,Victoria,V8V 1X4,102 - 1108 Austin Ave.,102,1108 Austin Ave,,Coquitlam,V3K 3P5,6049332001,(604) 933-2001,,,,,Jennifer.Blatherwick.MLA@leg.bc.ca
CRC,Courtenay-Comox,,Mr.,Brennan,Day,Brennan.Day.MLA@leg.bc.ca,,Independent,Independent,Independent,,2024,False,,False,,False,,https://www.leg.bc.ca/members/43rd-Parliament/Day-Brennan,https://lims.leg.bc.ca/public/images/mla-headshots/43/small/Day-Brennan.jpg,MLA Brennan Day,Room 201,2503873507,(250) 387-3507,,,Parliament Buildings,Victoria,V8V 1X4,437 5th St,,437 5th St,,Courtenay,V9N 1J7,2507032410,(250) 703-2410,2507032425,(250) 703-2425,,,
CWV,Cowichan Valley,Ms.,Ms.,Qwulti'stunaat - Debra,Toporowski,Debra.Toporowski.MLA@leg.bc.ca,,British Columbia New Democratic Party,BC NDP,NDP,,2024,False,,False,,False,,https://www.leg.bc.ca/members/43rd-Parliament/Toporowski-Qwulti'stunaat%20-%20Debra,https://lims.leg.bc.ca/public/images/mla-headshots/43/small/Toporowski-Debra.jpg,MLA Debra Toporowski,Parliament Buildings,,,,,Parliament Buildings,Victoria,V8V 1X4,#212 - 80 Station Street,212,80 Station Street,,Duncan,V9L 1M4,2507152792,(250) 715-2792,,,,,Debra.Toporowski.MLA@leg.bc.ca
DLN,Delta North,Mr.,Mr.,Ravi,Kahlon,Ravi.Kahlon.MLA@leg.bc.ca,HLTH.Minister@gov.bc.ca,British Columbia New Democratic Party,BC NDP,NDP,Minister of Health,"2017, 2020, 2024",True,Hon.,False,,False,,https://www.leg.bc.ca/members/43rd-Parliament/Kahlon-Ravi,https://lims.leg.bc.ca/public/images/mla-headshots/43/small/Kahlon-Ravi.jpg,MLA Ravi Kahlon,"Jobs, Economic Development and Innovation",2503562771,(250) 356-2771,,,Parliament Buildings,Victoria,V8V 1X4,8350 112 Street,,8350 112 Street,,Delta,V4C 7A2,6045025449,(604) 502-5449,6045971466,(604) 597-1466,,,Ravi.Kahlon.MLA@leg.bc.ca
DLS,Delta South,Mr.,Mr.,Ian,Paton,Ian.Paton.MLA@leg.bc.ca,,Independent,Independent,Independent,,"2017, 2020, 2024",False,,False,,False,,https://www.leg.bc.ca/members/43rd-Parliament/Paton-Ian,https://lims.leg.bc.ca/public/images/mla-headshots/43/small/Paton-Ian.jpg,MLA Ian Paton,Room 201,2503873507,(250) 387-3507,,,Parliament Buildings,Victoria,V8V 1X4,4805 Delta Street,,4805 Delta Street,,Delta,V4K 2T7,6049407930,(604) 940-7930,6049407927,(604) 940-7927,,,
ESC,Esquimalt-Colwood,Ms.,Ms.,Darlene,Rotchford,Darlene.Rotchford.MLA@leg.bc.ca,,British Columbia New Democratic Party,BC NDP,NDP,,2024,False,,False,,False,,https://www.leg.bc.ca/members/43rd-Parliament/Rotchford-Darlene,https://lims.leg.bc.ca/public/images/mla-headshots/43/small/Rotchford-Darlene.jpg,MLA Darlene Rotchford,Parliament Buildings,,,,,Parliament Buildings,Victoria,V8V 1X4,#104 - 1497 Admirals Road,104,1497 Admirals Road,,Victoria,V9A 2P8,250-952-5885,(250) 952-5885,,,,,Darlene.Rotchford.MLA@leg.bc.ca
FRN,Fraser-Nicola,Mr.,Mr.,Tony,Luck,Tony.Luck.MLA@leg.bc.ca,,Conservative Party of British Columbia,Conservative Party of British Columbia,Conservative,,2024,False,,False,,False,,https://www.leg.bc.ca/members/43rd-Parliament/Luck-Tony,https://lims.leg.bc.ca/public/images/mla-headshots/43/small/Luck-Tony.jpeg,MLA Tony Luck,Room 201,2503873507,(250) 387-3507,,,Parliament Buildings,Victoria,V8V 1X4,Units 112 & 113-1700 Garcia Street,112 & 113,1700 Garcia Street,,Merritt,V1K 1B8,236 900-4926,(236) 900-4926,,,,,Tony.Luck.MLA@leg.bc.ca
JFM,Juan de Fuca-Malahat,Mr.,Mr.,Dana,Lajeunesse,Dana.Lajeunesse.MLA@leg.bc.ca,,British Columbia New Democratic Party,BC NDP,NDP,,2024,False,,False,,False,,https://www.leg.bc.ca/members/43rd-Parliament/Lajeunesse-Dana,https://lims.leg.bc.ca/public/images/mla-headshots/43/small/Lajeunesse-Dana.jpg,MLA Dana Lajeunesse,Parliament Buildings,,,,,Parliament Buildings,Victoria,V8V 1X4,A-1490 Fisher Rd,A,1490 Fisher Rd,,Cobble Hill,V8H 4A3,,,,,,,
KAC,Kamloops Centre,Mr.,Mr.,Peter,Milobar,Peter.Milobar.MLA@leg.bc.ca,,Independent,Independent,Independent,,"2017, 2020, 2024",False,,False,,False,,https://www.leg.bc.ca/members/43rd-Parliament/Milobar-Peter,https://lims.leg.bc.ca/public/images/mla-headshots/43/small/Milobar-Peter.jpg,MLA Peter Milobar,Room 201,2503873507,(250) 387-3507,,,Parliament Buildings,Victoria,V8V 1X4,446 Victoria Street,,446 Victoria Street,,Kamloops, V2C 2A7,778-471-9371,(778) 471-9371,250-554-5417,(250) 554-5417,,,
KAN,Kamloops-North Thompson,Mr.,Mr.,Ward,Stamer,Ward.Stamer.MLA@leg.bc.ca,,Conservative Party of British Columbia,Conservative Party of British Columbia,Conservative,,2024,False,,False,,False,,https://www.leg.bc.ca/members/43rd-Parliament/Stamer-Ward,https://lims.leg.bc.ca/public/images/mla-headshots/43/small/Ward Stamer.PNG,MLA Ward Stamer,Room 201,2503873507,(250) 387-3507,,,Parliament Buildings,Victoria,V8V 1X4,618B Tranquille Rd,,618B Tranquille Rd,,Kamloops,V2B 3H6,250-554-5416,(250) 554-5416,250-377-3448,(250) 377-3448,,,
KEC,Kelowna Centre,Ms.,Ms.,Kristina,Loewen,Kristina.Loewen.MLA@leg.bc.ca,,Conservative Party of British Columbia,Conservative Party of British Columbia,Conservative,,2024,False,,False,,False,,https://www.leg.bc.ca/members/43rd-Parliament/Loewen-Kristina,https://lims.leg.bc.ca/public/images/mla-headshots/43/small/Cropped Resized_Kris_Andrew_Lowen_Large__(3)_1705686567421.JPG,MLA Kristina Loewen,Room 201,2503873507,(250) 387-3507,,,Parliament Buildings,Victoria,V8V 1X4,Unit 101 - 215 Lawrence Avenue,101,215 Lawrence Avenue,,Kelowna,V1Y 6L2,236-361-0679,(236) 361-0679,,,,,Kristina.Loewen.MLA@leg.bc.ca
KLC,Kelowna-Lake Country-Coldstream,Ms.,Ms.,Tara,Armstrong,Tara.Armstrong.MLA@leg.bc.ca,,Independent,Independent,Independent,,2024,False,,False,,False,,https://www.leg.bc.ca/members/43rd-Parliament/Armstrong-Tara,https://lims.leg.bc.ca/public/images/mla-headshots/43/small/MLA Armstrong Headshot.jpeg,MLA Tara Armstrong,Independent Offices,,,,,Parliament Buildings,Victoria,V8V 1X4,721-11850 Oceola Road,721,11850 Oceola Road,,Lake Country,V4V 2T5,250-712-3623,(250) 712-3623,,,,,
KLM,Kelowna-Mission,Mr.,Mr.,Gavin,Dew,Gavin.Dew.MLA@leg.bc.ca,,Conservative Party of British Columbia,Conservative Party of British Columbia,Conservative,,2024,False,,False,,False,,https://www.leg.bc.ca/members/43rd-Parliament/Dew-Gavin,https://lims.leg.bc.ca/public/images/mla-headshots/43/small/Dew-Gavin.jpg,MLA Gavin Dew,Room 201,2503873507,(250) 387-3507,,,Parliament Buildings,Victoria,V8V 1X4,#102 - 2121 Ethel Street,102,2121 Ethel Street,,Kelowna,V1Y 2Z6,2507123620,(250) 712-3620,250-712-3626,(250) 712-3626,,,
KOC,Kootenay Central,Ms.,Ms.,Brittny,Anderson,Brittny.Anderson.MLA@leg.bc.ca,,British Columbia New Democratic Party,BC NDP,NDP,Minister of State for Local Governments and Rural Communities,"2020, 2024",True,Hon.,False,,False,,https://www.leg.bc.ca/members/43rd-Parliament/Anderson-Brittny,https://lims.leg.bc.ca/public/images/mla-headshots/43/small/Anderson-Brittny.jpg,MLA Brittny Anderson,Minister of State for Community Safety & Integrated Services,,,,,Parliament Buildings,Victoria,V8V 1X4,433 Josephine Street,,433 Josephine Street,,Nelson,V1L 1W4,2503545944,(250) 354-5944,,,18332566270,1-833-256-6270,
KOM,Kootenay-Monashee,Mr.,Mr.,Steve,Morissette,Steve.Morissette.MLA@leg.bc.ca,,British Columbia New Democratic Party,BC NDP,NDP,,2024,False,,False,,False,,https://www.leg.bc.ca/members/43rd-Parliament/Morissette-Steve,https://lims.leg.bc.ca/public/images/mla-headshots/43/small/Morissette-Steve.jpg,MLA Steve Morissette,Parliament Buildings,,,,,Parliament Buildings,Victoria,V8V 1X4,#2 - 1006 3rd Street,2,1006 3rd Street,,Castlegar,V1N 3X6,2503042783,(250) 304-2783,,,,,Steve.Morissette.MLA@leg.bc.ca
KOR,Kootenay-Rockies,Mr.,Mr.,Pete,Davis,Pete.Davis.MLA@leg.bc.ca,,Conservative Party of British Columbia,Conservative Party of British Columbia,Conservative,,2024,False,,False,,False,,https://www.leg.bc.ca/members/43rd-Parliament/Davis-Pete,https://lims.leg.bc.ca/public/images/mla-headshots/43/small/Davis-Pete.jpg,MLA Pete Davis,Room 201,2503873507,(250) 387-3507,,,Parliament Buildings,Victoria,V8V 1X4,#302-535 Victoria Avenue N,302,535 Victoria Avenue N,,Cranbrook,V1C 6S3,250-417-6022,(250) 417-6022,250-417-6026,(250) 417-6026,,,
LAO,Ladysmith-Oceanside,Ms.,Ms.,Stephanie,Higginson,Stephanie.Higginson.MLA@leg.bc.ca,,British Columbia New Democratic Party,BC NDP,NDP,,2024,False,,False,,False,,https://www.leg.bc.ca/members/43rd-Parliament/Higginson-Stephanie,https://lims.leg.bc.ca/public/images/mla-headshots/43/small/Higginson-Stephanie.jpg,MLA Stephanie Higginson,Parliament Buildings,,,,,Parliament Buildings,Victoria,V8V 1X4,PO Box 250 Stn Main Parksville 172 Island Hwy East,,172 Island Hwy East,PO Box 250 Stn Main,Parksville,V9P 2G4,,,,,,,
LFH,Langford-Highlands,Mr.,Mr.,Ravi,Parmar,Ravi.Parmar.MLA@leg.bc.ca,FOR.Minister@gov.bc.ca,British Columbia New Democratic Party,BC NDP,NDP,Minister of Forests,"2023, 2024",True,Hon.,False,,False,,https://www.leg.bc.ca/members/43rd-Parliament/Parmar-Ravi,https://lims.leg.bc.ca/public/images/mla-headshots/43/small/Parmar-Ravi.jpg,MLA Ravi Parmar,Forests,2503876240,(250) 387-6240,,,Parliament Buildings,Victoria,V8V 1X4,#122-2806 Jacklin Road,122,2806 Jacklin Road,,Victoria,V9B 5A4,2503912801,(250) 391-2801,2503912804,(250) 391-2804,,,Ravi.Parmar.MLA@leg.bc.ca
LLA,Langley-Abbotsford,Mr.,Mr.,Harman,Bhangu,Harman.Bhangu.MLA@leg.bc.ca,,Conservative Party of British Columbia,Conservative Party of British Columbia,Conservative,,2024,False,,False,,False,,https://www.leg.bc.ca/members/43rd-Parliament/Bhangu-Harman,https://lims.leg.bc.ca/public/images/mla-headshots/43/small/Bhangu-Harman.jpg,MLA Harman Bhangu,Room 201,2503873507,(250) 387-3507,,,Parliament Buildings,Victoria,V8V 1X4,Unit A130 - 27218 Aldergrove Town Centre Drive,A130,27218 Aldergrove Town Centre Drive,,Aldergrove,V4W 0E4,604 820 6208,(604) 820-6208,,,,,Harman.Bhangu.MLA@leg.bc.ca
LWG,Langley-Walnut Grove,Ms.,Ms.,Misty,Van Popta,Misty.VanPopta.MLA@leg.bc.ca,,Conservative Party of British Columbia,Conservative Party of British Columbia,Conservative,,2024,False,,False,,False,,https://www.leg.bc.ca/members/43rd-Parliament/Van%20Popta-Misty,https://lims.leg.bc.ca/public/images/mla-headshots/43/small/Van Popta-Misty.jpg,MLA Misty Van Popta,Room 201,2503873507,(250) 387-3507,,,Parliament Buildings,Victoria,V8V 1X4,20349 88 Ave Unit 9,9,20349 88 Ave,,Langley Twp,V1M 2K5,604-882-3151,(604) 882-3151,,,,,
LWI,Langley-Willowbrook,Ms.,Ms.,Jody,Toor,Jody.Toor.MLA@leg.bc.ca,,Conservative Party of British Columbia,Conservative Party of British Columbia,Conservative,,2024,False,,False,,False,,https://www.leg.bc.ca/members/43rd-Parliament/Toor-Jody,https://lims.leg.bc.ca/public/images/mla-headshots/43/small/Toor-Jody.jpg,MLA Jody Toor,Room 201,2503873507,(250) 387-3507,,,Parliament Buildings,Victoria,V8V 1X4,Units 103 & 104 - 20611 Fraser Hwy,103 & 104,20611 Fraser Hwy,,Langley,V3A 4G4,,,,,,,
MAE,Maple Ridge East,Mr.,Mr.,Lawrence,Mok,Lawrence.Mok.MLA@leg.bc.ca,,Conservative Party of British Columbia,Conservative Party of British Columbia,Conservative,,2024,False,,False,,False,,https://www.leg.bc.ca/members/43rd-Parliament/Mok-Lawrence,https://lims.leg.bc.ca/public/images/mla-headshots/43/small/Mok-Lawrence.jpg,MLA Lawrence Mok,Room 201,2503873507,(250) 387-3507,,,Parliament Buildings,Victoria,V8V 1X4,#102 - 23015 Dewdney Trunk Road,102,23015 Dewdney Trunk Road,,Maple Ridge,V2X 3K9,6044764530,(604) 476-4530,6044764531,(604) 476-4531,18778993215,1-877-899-3215,Lawrence.Mok.MLA@leg.bc.ca
MAP,Maple Ridge-Pitt Meadows,Ms.,Ms.,Lisa,Beare,Lisa.Beare.MLA@leg.bc.ca,ECC.Minister@gov.bc.ca,British Columbia New Democratic Party,BC NDP,NDP,Minister of Education and Child Care,"2017, 2020, 2024",True,Hon.,False,,False,,https://www.leg.bc.ca/members/43rd-Parliament/Beare-Lisa,https://lims.leg.bc.ca/public/images/mla-headshots/43/small/Beare-Lisa.jpg,MLA Lisa Beare,Education and Child Care,2503568247,(250) 356-8247,,,Parliament Buildings,Victoria,V8V 1X4,#104 - 20130 Lougheed Highway,104,20130 Lougheed Highway,,Maple Ridge,V2X 2P7,6044659299,(604) 465-9299,6044659294,(604) 465-9294,,,Lisa.Beare.MLA@leg.bc.ca
MPR,Mid Island-Pacific Rim,Ms.,Ms.,Josie,Osborne,Josie.Osborne.MLA@leg.bc.ca,FIN.Minister@gov.bc.ca,British Columbia New Democratic Party,BC NDP,NDP,Minister of Finance,"2020, 2024",True,Hon.,False,,False,,https://www.leg.bc.ca/members/43rd-Parliament/Osborne-Josie,https://lims.leg.bc.ca/public/images/mla-headshots/43/small/Osborne-Josie.jpg,MLA Josie Osborne,Health,2509533547,(250) 953-3547,,,Parliament Buildings,Victoria,V8V 1X4,3945B Johnston Rd,,3945B Johnston Rd,,Port Alberni,V9Y 5N4,778-716-0472,(778) 716-0472,2507204511,(250) 720-4511,18668704190,1-866-870-4190,
NAI,Nanaimo-Gabriola Island,Ms.,Ms.,Sheila,Malcolmson,Sheila.Malcolmson.mla@leg.bc.ca,SDPR.Minister@gov.bc.ca,British Columbia New Democratic Party,BC NDP,NDP,Minister of Social Development and Poverty Reduction,"2019, 2020, 2024",True,Hon.,False,,False,,https://www.leg.bc.ca/members/43rd-Parliament/Malcolmson-Sheila,https://lims.leg.bc.ca/public/images/mla-headshots/43/small/Malcolmson-Sheila.jpg,MLA Sheila Malcolmson,Social Development and Poverty Reduction,2503567750,(250) 356-7750,,,Parliament Buildings,Victoria,V8V 1X4,#105 - 495 Dunsmuir Street,105,495 Dunsmuir Street,,Nanaimo,V9R 6B9 ,2363620012,(236) 362-0012,,,,,
NAL,Nanaimo-Lantzville,Mr.,Mr.,George,Anderson,George.Anderson.MLA@leg.bc.ca,,British Columbia New Democratic Party,BC NDP,NDP,,2024,False,,False,,False,,https://www.leg.bc.ca/members/43rd-Parliament/Anderson-George,https://lims.leg.bc.ca/public/images/mla-headshots/43/small/George_Anderson_MLA Cropped.jpg,MLA George Anderson,Parliament Buildings,,,,,Parliament Buildings,Victoria,V8V 1X4,201-1934 Boxwood Road,201,1934 Boxwood Road,,Nanaimo,V9S 5Y2,250-716-5221,(250) 716-5221,,,,,
NEC,Nechako Lakes,Mr.,Mr.,John,Rustad,John.Rustad.MLA@leg.bc.ca,,Independent,Independent,Independent,,"2005, 2009, 2013, 2017, 2020, 2024",False,,False,,False,,https://www.leg.bc.ca/members/43rd-Parliament/Rustad-John,https://lims.leg.bc.ca/public/images/mla-headshots/43/small/Rustad-John.jpg,MLA John Rustad,Room 201,2503873507,(250) 387-3507,,,Parliament Buildings,Victoria,V8V 1X4,"183 1st Street, Suite 2",2,"183 1st Street,",,Vanderhoof,V0J 3A0,2505676820,(250) 567-6820,2505676822,(250) 567-6822,18779645650,1-877-964-5650,
NMC,New Westminster-Coquitlam,Ms.,Ms.,Jennifer,Whiteside,Jennifer.Whiteside.MLA@leg.bc.ca,LBR.Minister@gov.bc.ca,British Columbia New Democratic Party,BC NDP,NDP,Minister of Labour,"2020, 2024",True,Hon.,False,,False,,https://www.leg.bc.ca/members/43rd-Parliament/Whiteside-Jennifer,https://lims.leg.bc.ca/public/images/mla-headshots/43/small/Whiteside-Jennifer.jpg,MLA Jennifer Whiteside,Labour,2509530910,(250) 953-0910,,,Parliament Buildings,Victoria,V8V 1X4,335 Sixth Street,,335 Sixth Street,,New Westminster,V3L 3A9,6047752101,(604) 775-2101,,,,,Jennifer.Whiteside.MLA@leg.bc.ca
NOH,North Coast-Haida Gwaii,Ms.,Ms.,Laanas - Tamara,Davidson,Tamara.Davidson.MLA@leg.bc.ca,ENV.Minister@gov.bc.ca,British Columbia New Democratic Party,BC NDP,NDP,Minister of Environment and Parks,2024,True,Hon.,False,,False,,https://www.leg.bc.ca/members/43rd-Parliament/Davidson-Laanas%20-%20Tamara,https://lims.leg.bc.ca/public/images/mla-headshots/43/small/Davidson-Tamara.jpg,MLA Tamara Davidson,Environment and Parks,2503871187,(250) 387-1187,,,Parliament Buildings,Victoria,V8V 1X4,#290 - 309 2nd Ave West,290,309 2nd Ave West,,Prince Rupert,V8J 3T1,2506247734,(250) 624-7734,,,,,Tamara.Davidson.MLA@leg.bc.ca
NOI,North Island,Ms.,Ms.,Anna,Kindy,Anna.Kindy.MLA@leg.bc.ca,,Conservative Party of British Columbia,Conservative Party of British Columbia,Conservative,,2024,False,,False,,False,,https://www.leg.bc.ca/members/43rd-Parliament/Kindy-Anna,https://lims.leg.bc.ca/public/images/mla-headshots/43/small/Anna Kindy Conservative Party _KRL_20241210__AVE7843 copy.jpg,MLA Anna Kindy,Room 201,2503873507,(250) 387-3507,,,Parliament Buildings,Victoria,V8V 1X4,908 Island Highway,,908 Island Highway,,Campbell River,V9W 2C3,778-902-8544,(778) 902-8544,,,,,
NVL,North Vancouver-Lonsdale,Ms.,Ms.,Bowinn,Ma,Bowinn.Ma.MLA@leg.bc.ca,INF.Minister@gov.bc.ca,British Columbia New Democratic Party,BC NDP,NDP,Minister of Infrastructure,"2017, 2020, 2024",True,Hon.,False,,False,,https://www.leg.bc.ca/members/43rd-Parliament/Ma-Bowinn,https://lims.leg.bc.ca/public/images/mla-headshots/43/small/Ma-Bowinn.jpg,MLA Bowinn Ma,Infrastructure,2507043020,(250) 704-3020,,,Parliament Buildings,Victoria,V8V 1X4,#50 - 221 West Esplanade,50,221 West Esplanade,,North Vancouver,V7M 3J3,604-981-0033,(604) 981-0033,604-981-0044,(604) 981-0044,,,
NVS,North Vancouver-Seymour,Ms.,Ms.,Susie,Chant,Susie.Chant.MLA@leg.bc.ca,,British Columbia New Democratic Party,BC NDP,NDP,,"2020, 2024",False,,False,,False,,https://www.leg.bc.ca/members/43rd-Parliament/Chant-Susie,https://lims.leg.bc.ca/public/images/mla-headshots/43/small/Chant-Susie.jpg,MLA Susie Chant,Parliament Buildings,,,,,Parliament Buildings,Victoria,V8V 1X4,#217 - 1233 Lynn Valley Road,217,1233 Lynn Valley Road,,North Vancouver,V7J 0A1,6049839859,(604) 983-9859,,,,,Susie.Chant.MLA@leg.bc.ca
OBG,Oak Bay-Gordon Head,Ms.,Ms.,Diana,Gibson,Diana.Gibson.MLA@leg.bc.ca,CITZ.Minister@gov.bc.ca,British Columbia New Democratic Party,BC NDP,NDP,Minister of Citizens' Services,2024,True,Hon.,False,,False,,https://www.leg.bc.ca/members/43rd-Parliament/Gibson-Diana,https://lims.leg.bc.ca/public/images/mla-headshots/43/small/Gibson-Diana.jpg,MLA Diana Gibson,"Jobs, Economic Development and Innovation",2503562771,(250) 356-2771,,,Parliament Buildings,Victoria,V8V 1X4,2290 Cadboro Bay Road,,2290 Cadboro Bay Road,,Victoria,V8R 5G9,250 472 8528,(250) 472-8528,,,,,
PCN,Peace River North,Mr.,Mr.,Jordan,Kealy,Jordan.Kealy.MLA@leg.bc.ca,,Independent,Independent,Independent,,2024,False,,False,,False,,https://www.leg.bc.ca/members/43rd-Parliament/Kealy-Jordan,https://lims.leg.bc.ca/public/images/mla-headshots/43/small/Kealy-Jordan.jpg,MLA Jordan Kealy,Independent Offices,,,,,Parliament Buildings,Victoria,V8V 1X4,10104 - 100th St,,10104 - 100th St,,Fort St. John,V1J 3Y7,2502630101,(250) 263-0101,,,,,
PCS,Peace River South,Mr.,Mr.,Larry,Neufeld,Larry.Neufeld.MLA@leg.bc.ca,,Conservative Party of British Columbia,Conservative Party of British Columbia,Conservative,,2024,False,,False,,False,,https://www.leg.bc.ca/members/43rd-Parliament/Neufeld-Larry,https://lims.leg.bc.ca/public/images/mla-headshots/43/small/Neufeld-Larry.jpeg,MLA Larry Neufeld,Room 201,2503873507,(250) 387-3507,,,Parliament Buildings,Victoria,V8V 1X4,#103B - 1100 Alaska Ave.,103B,1100 Alaska Ave,,Dawson Creek,V1G 4V8,7788437022,(778) 843-7022,,,,,
PES,Penticton-Summerland,Ms.,Ms.,Amelia,Boultbee,Amelia.Boultbee.MLA@leg.bc.ca,,British Columbia New Democratic Party,BC NDP,NDP,,2024,False,,False,,False,,https://www.leg.bc.ca/members/43rd-Parliament/Boultbee-Amelia,https://lims.leg.bc.ca/public/images/mla-headshots/43/small/Boultbee-Amelia.jpg,MLA Amelia Boultbee,Room 021,,,,,Parliament Buildings,Victoria,V8V 1X4,#210 – 300 Riverside Drive,210,300 Riverside Drive,,Penticton,V2A 9C9,250-487-4400,(250) 487-4400,,,8664874402,1-866-487-4402,
POC,Port Coquitlam,Mr.,Mr.,Mike,Farnworth,Mike.Farnworth.MLA@leg.bc.ca,TT.Minister@gov.bc.ca,British Columbia New Democratic Party,BC NDP,NDP,Minister of Transportation and Transit,"1991, 1996, 2005, 2009, 2013, 2017, 2020, 2024",True,Hon.,False,,False,,https://www.leg.bc.ca/members/43rd-Parliament/Farnworth-Mike,https://lims.leg.bc.ca/public/images/mla-headshots/43/small/Farnworth-Mike.jpg,MLA mike Farnworth,Transportation and Transit,2503871978,(250) 387-1978,,,Parliament Buildings,Victoria,V8V 1X4,#107A - 2748 Lougheed Highway,107A,2748 Lougheed Highway,,Port Coquitlam,V3B 6P2,6049272088,(604) 927-2088,6049272090,(604) 927-2090,,,Mike.Farnworth.MLA@leg.bc.ca
POM,Port Moody-Burquitlam,Mr.,Mr.,Rick,Glumac,Rick.Glumac.MLA@leg.bc.ca,,British Columbia New Democratic Party,BC NDP,NDP,Minister of State for Artificial Intelligence and New Technologies,"2017, 2020, 2024",True,Hon.,False,,False,,https://www.leg.bc.ca/members/43rd-Parliament/Glumac-Rick,https://lims.leg.bc.ca/public/images/mla-headshots/43/small/Glumac-Rick.jpg,MLA Rick Glumac,Minister of State for Trade,2503879139,(250) 387-9139,,,Parliament Buildings,Victoria,V8V 1X4,2708 St. Johns Street,,2708 St Johns Street,,Port Moody,V3H 2B7,6049368709,(604) 936-8709,6044695435,(604) 469-5435,,,Rick.Glumac.MLA@leg.bc.ca
POR,Powell River-Sunshine Coast,Ms.,Ms.,Randene,Neill,Randene.Neill.MLA@leg.bc.ca,WLRS.Minister@gov.bc.ca,British Columbia New Democratic Party,BC NDP,NDP,"Minister of Water, Land and Resource Stewardship",2024,True,Hon.,False,,False,,https://www.leg.bc.ca/members/43rd-Parliament/Neill-Randene,https://lims.leg.bc.ca/public/images/mla-headshots/43/small/Neill-Randene.jpg,MLA Randene Neill,"Water, Land and Resource Stewardship",7784053094,(778) 405-3094,,,Parliament Buildings,Victoria,V8V 1X4,#109 - 4675 Marine Ave.,109,4675 Marine Ave,,Powell River,V8A 2L2,6044851249,(604) 485-1249,,,,,Randene.Neill.MLA@leg.bc.ca
PRM,Prince George-Mackenzie,Mr.,Mr.,Kiel,Giddens,Kiel.Giddens.MLA@leg.bc.ca,,Conservative Party of British Columbia,Conservative Party of British Columbia,Conservative,,2024,False,,False,,False,,https://www.leg.bc.ca/members/43rd-Parliament/Giddens-Kiel,https://lims.leg.bc.ca/public/images/mla-headshots/43/small/Giddens-Kiel.jpeg,MLA Kiel Giddens,Room 201,2503873507,(250) 387-3507,,,Parliament Buildings,Victoria,V8V 1X4,#124 - 403 Mackenzie Blvd,124,403 Mackenzie Blvd,,Mackenzie,V0J 2C0,2509975281,(250) 997-5281,,,8666124194,1-866-612-4194,
PRO,Prince George-North Cariboo,Mr.,Mr.,Sheldon,Clare,Sheldon.Clare.MLA@leg.bc.ca,,Conservative Party of British Columbia,Conservative Party of British Columbia,Conservative,,2024,False,,False,,False,,https://www.leg.bc.ca/members/43rd-Parliament/Clare-Sheldon,https://lims.leg.bc.ca/public/images/mla-headshots/43/small/Clare-Sheldon.jpg,MLA Sheldon Clare,Room 201,2503873507,(250) 387-3507,,,Parliament Buildings,Victoria,V8V 1X4,#401-410 Kinchant Street,401,410 Kinchant Street,,Quesnel,V2J 7J5,250-991-0296,(250) 991-0296,250-992-5629,(250) 992-5629,,,
PRV,Prince George-Valemount,Ms.,Ms.,Rosalyn,Bird,Rosalyn.Bird.MLA@leg.bc.ca,,Independent,Independent,Independent,,2024,False,,False,,False,,https://www.leg.bc.ca/members/43rd-Parliament/Bird-Rosalyn,https://lims.leg.bc.ca/public/images/mla-headshots/43/small/Rosalyn Bird Conservative Party _KRL_20241210__AVE7919 copy 2.jpg,MLA Rosalyn Bird,Room 201,2503873507,(250) 387-3507,,,Parliament Buildings,Victoria,V8V 1X4,1350 5th Avenue,,1350 5th Avenue,,Prince George,V2L 3L4,,,,,,,
RCB,Richmond-Bridgeport,Ms.,Ms.,Teresa,Wat,Teresa.Wat.MLA@leg.bc.ca,,Independent,Independent,Independent,,"2013, 2017, 2020, 2024",False,,False,,False,,https://www.leg.bc.ca/members/43rd-Parliament/Wat-Teresa,https://lims.leg.bc.ca/public/images/mla-headshots/43/small/Wat-Teresa.jpg,MLA Teresa Wat,Room 201,2503873507,(250) 387-3507,,,Parliament Buildings,Victoria,V8V 1X4,#300 - 8120 Granville Avenue,300,8120 Granville Avenue,,Richmond,V6Y 1P3,604-775-0754,(604) 775-0754,604-775-0898,(604) 775-0898,,,
RCC,Richmond Centre,Mr.,Mr.,Hon,Chan,Hon.Chan.MLA@leg.bc.ca,,Independent,Independent,Independent,,2024,False,,False,,False,,https://www.leg.bc.ca/members/43rd-Parliament/Chan-Hon,https://lims.leg.bc.ca/public/images/mla-headshots/43/small/Chan-Hon.jpg,MLA Hon Chan,Room 201,2503873507,(250) 387-3507,,,Parliament Buildings,Victoria,V8V 1X4,Unit 147 & 149 - 6386 No. 3 Road,147 & 149,6386 No 3 Road,,Richmond,V6Y 0L8,,,,,,,hon.chan.mla@leg.bc.ca
RCQ,Richmond-Queensborough,Mr.,Mr.,Steve,Kooner,Steve.Kooner.MLA@leg.bc.ca,,Conservative Party of British Columbia,Conservative Party of British Columbia,Conservative,,2024,False,,False,,False,,https://www.leg.bc.ca/members/43rd-Parliament/Kooner-Steve,https://lims.leg.bc.ca/public/images/mla-headshots/43/small/MLA Kooner.jpg,MLA Steve Kooner,Room 201,2503873507,(250) 387-3507,,,Parliament Buildings,Victoria,V8V 1X4,#130 - 12560 Bridgeport Rd,130,12560 Bridgeport Rd,,Richmond,V6V 2N5,6046640700,(604) 664-0700,,,,,
RCS,Richmond-Steveston,Ms.,Ms.,Kelly,Greene,Kelly.Greene.MLA@leg.bc.ca,EMCR.Minister@gov.bc.ca,British Columbia New Democratic Party,BC NDP,NDP,Minister of Emergency Management and Climate Readiness,"2020, 2024",True,Hon.,False,,False,,https://www.leg.bc.ca/members/43rd-Parliament/Greene-Kelly,https://lims.leg.bc.ca/public/images/mla-headshots/43/small/Greene-Kelly.jpg,MLA Kelly Greene,Emergency Management and Climate Readiness,2364783938,(236) 478-3938,,,Parliament Buildings,Victoria,V8V 1X4,#115 - 4011 Bayview Street,115,4011 Bayview Street,,Richmond,V7E 6T5,6042418452,(604) 241-8452,,,,,Kelly.Greene.MLA@leg.bc.ca
SAN,Saanich North and the Islands,Mr.,Mr.,Rob,Botterell,Rob.Botterell.MLA@leg.bc.ca,,British Columbia Green Party,BC Green Party,Green,,2024,False,,False,,False,,https://www.leg.bc.ca/members/43rd-Parliament/Botterell-Rob,https://lims.leg.bc.ca/public/images/mla-headshots/43/small/Botterell-Rob.jpg,MLA Rob Botterell,BC Green MLA Offices,2503878347,(250) 387-8347,,,Parliament Buildings,Victoria,V8V 1X4,9828 Fourth Street,,9828 Fourth Street,,Sidney,V8L 2Z3,2506555600,(250) 655-5600,2506557398,(250) 655-7398,,,
SAS,Saanich South,Ms.,Ms.,Lana,Popham,Lana.Popham.MLA@leg.bc.ca,AF.Minister@gov.bc.ca,British Columbia New Democratic Party,BC NDP,NDP,Minister of Agriculture and Food,"2009, 2013, 2017, 2020, 2024",True,Hon.,False,,False,,https://www.leg.bc.ca/members/43rd-Parliament/Popham-Lana,https://lims.leg.bc.ca/public/images/mla-headshots/43/small/Popham-Lana.jpg,MLA Lana Popham,Agriculture and Food,2503871023,(250) 387-1023,,,Parliament Buildings,Victoria,V8V 1X4,#260 - 4243 Glanford Ave,260,4243 Glanford Ave,,Victoria,V8Z 4B9,2504794154,(250) 479-4154,2504794176,(250) 479-4176,,,Lana.Popham.MLA@leg.bc.ca
SHU,Salmon Arm-Shuswap,Mr.,Mr.,David,Williams,David.Williams.MLA@leg.bc.ca,,Conservative Party of British Columbia,Conservative Party of British Columbia,Conservative,,2024,False,,False,,False,,https://www.leg.bc.ca/members/43rd-Parliament/Williams-David,https://lims.leg.bc.ca/public/images/mla-headshots/43/small/Williams-David.jpg,MLA David L. Williams,Room 201,2503873507,(250) 387-3507,,,Parliament Buildings,Victoria,V8V 1X4,2-1120 10th Avenue SW,2,1120 10th Avenue SW,,Salmon Arm,V1E 1T3,778-724-2407,(778) 724-2407,,,877-745-2240,1-877-745-2240,
SKE,Skeena,Ms.,Ms.,Claire,Rattée,Claire.Rattee.MLA@leg.bc.ca,,Independent,Independent,Independent,,2024,False,,False,,False,,https://www.leg.bc.ca/members/43rd-Parliament/Ratt%C3%A9e-Claire,https://lims.leg.bc.ca/public/images/mla-headshots/43/small/Claire Ratee Cropped.jpg,MLA Claire Rattée,Room 201,2503873507,(250) 387-3507,,,Parliament Buildings,Victoria,V8V 1X4,#104 - 4710 Lazelle Ave,104,4710 Lazelle Ave,,Terrace,V8G 1T2,778-401-5694,(778) 401-5694,,,,,
SRC,Surrey City Centre,Ms.,Ms.,Amna,Shah,Amna.Shah.MLA@leg.bc.ca,,British Columbia New Democratic Party,BC NDP,NDP,,2024,False,,False,,False,,https://www.leg.bc.ca/members/43rd-Parliament/Shah-Amna,https://lims.leg.bc.ca/public/images/mla-headshots/43/small/Shah-Amna.jpg,MLA Amna Shaw,Parliament Buildings,,,,,Parliament Buildings,Victoria,V8V 1X4,10574 King George Boulevard,,10574 King George Boulevard,,Surrey,V3T 2X3,604-586-2740,(604) 586-2740,,,,,Amna.Shah.MLA@leg.bc.ca
SRD,Surrey-Cloverdale,Ms.,Ms.,Elenore,Sturko,Elenore.Sturko.MLA@leg.bc.ca,,Independent,Independent,Independent,,"2022, 2024",False,,False,,False,,https://www.leg.bc.ca/members/43rd-Parliament/Sturko-Elenore,https://lims.leg.bc.ca/public/images/mla-headshots/43/small/Sturko-Elenore.jpg,MLA Elenore Sturko,Room 201,2503873507,(250) 387-3507,,,Parliament Buildings,Victoria,V8V 1X4,#104 - 17610 65A Ave,104,17610 65A Ave,,Surrey,V3S 5N4,7785715503,(778) 571-5503,,,,,
SRF,Surrey-Fleetwood,Mr.,Mr.,Jagrup,Brar,Jagrup.Brar.MLA@leg.bc.ca,MCM.Minister@gov.bc.ca,British Columbia New Democratic Party,BC NDP,NDP,Minister of Mining and Critical Minerals,"2004, 2005, 2009, 2017, 2020, 2024",True,Hon.,False,,False,,https://www.leg.bc.ca/members/43rd-Parliament/Brar-Jagrup,https://lims.leg.bc.ca/public/images/mla-headshots/43/small/Brar-Jagrup.jpg,MLA Jagrup Brar,Mining and Critical Minerals,2509530900,(250) 953-0900,,,Parliament Buildings,Victoria,V8V 1X4,#301A - 15930 Fraser Hwy.,301A,15930 Fraser Hwy,,Surrey,V4N 0X8,6045013227,(604) 501-3227,,,,,Jagrup.Brar.MLA@leg.bc.ca
SRG,Surrey-Guildford,Mr.,Mr.,Garry,Begg,Garry.Begg.MLA@leg.bc.ca,,British Columbia New Democratic Party,BC NDP,NDP,,"2017, 2020, 2024",False,,False,,False,,https://www.leg.bc.ca/members/43rd-Parliament/Begg-Garry,https://lims.leg.bc.ca/public/images/mla-headshots/43/small/Begg-Garry.jpg,MLA Garry Begg,BC NDP MLA Offices,2503873655,(250) 387-3655,2503564680,(250) 356-4680,Parliament Buildings,Victoria,V8V 1X4,#201 - 15135 101 Ave,201,15135 101 Ave,,Surrey,V3R 7Z1,6045863747,(604) 586-3747,6045844741,(604) 584-4741,,,
SRN,Surrey-Newton,Ms.,Ms.,Jessie,Sunner,Jessie.Sunner.MLA@leg.bc.ca,PSFS.Minister@gov.bc.ca,British Columbia New Democratic Party,BC NDP,NDP,Minister of Post-Secondary Education and Future Skills,2024,True,Hon.,False,,False,,https://www.leg.bc.ca/members/43rd-Parliament/Sunner-Jessie,https://lims.leg.bc.ca/public/images/mla-headshots/43/small/Sunner-Jessie.jpg,MLA Jessie Sunner,Room 247,2503872283,(250) 387-2283,2503874312,(250) 387-4312,Parliament Buildings,Victoria,V8V 1X4,105 & 106 - 7327 137th Street,,105 & 106 - 7327 137th Street,,Surrey,V3W 1A4,6045978248,(604) 597-8248,,,,,Jessie.Sunner.MLA@leg.bc.ca
SUN,Surrey North,Mr.,Mr.,Mandeep,Dhaliwal,Mandeep.Dhaliwal.MLA@leg.bc.ca,,Conservative Party of British Columbia,Conservative Party of British Columbia,Conservative,,2024,False,,False,,False,,https://www.leg.bc.ca/members/43rd-Parliament/Dhaliwal-Mandeep,https://lims.leg.bc.ca/public/images/mla-headshots/43/small/Dhaliwal-Mandeep.jpg,MLA Mandeep Dhaliwal,Room 201,2503873507,(250) 387-3507,,,Parliament Buildings,Victoria,V8V 1X4,"Unit 205 & 206, 9093 King George Boulevard",205 & 206,9093 King George Boulevard,,Surrey,V3V 5V7 ,778-256-1000,(778) 256-1000,,,,,Mandeep.Dhaliwal.MLA@leg.bc.ca
SUP,Surrey-Panorama,Mr.,Mr.,Bryan,Tepper,Bryan.Tepper.MLA@leg.bc.ca,,Conservative Party of British Columbia,Conservative Party of British Columbia,Conservative,,2024,False,,False,,False,,https://www.leg.bc.ca/members/43rd-Parliament/Tepper-Bryan,https://lims.leg.bc.ca/public/images/mla-headshots/43/small/Bryan Portrait 1 (2).jpg,MLA Bryan Tepper,Room 201,2503873507,(250) 387-3507,,,Parliament Buildings,Victoria,V8V 1X4,#203 & 204 14360 - 64 Avenue,203 & 204,14360 64 Avenue,,Surrey,V3W 1Z1,,,,,,,
SUR,Surrey-Serpentine River,Ms.,Ms.,Linda,Hepner,Linda.Hepner.MLA@leg.bc.ca,,Independent,Independent,Independent,,2024,False,,False,,False,,https://www.leg.bc.ca/members/43rd-Parliament/Hepner-Linda,https://lims.leg.bc.ca/public/images/mla-headshots/43/small/Hepner-Linda.jpg,MLA Linda Hepner,Room 201,2503873507,(250) 387-3507,,,Parliament Buildings,Victoria,V8V 1X4,Unit 7 - 14455 64 Avenue,7,14455 64 Avenue,,Surrey,V3S 0C6,604-597-8842,(604) 597-8842,,,,,
SUS,Surrey South,Mr.,Mr.,Brent,Chapman,Brent.Chapman.MLA@leg.bc.ca,,Conservative Party of British Columbia,Conservative Party of British Columbia,Conservative,,2024,False,,False,,False,,https://www.leg.bc.ca/members/43rd-Parliament/Chapman-Brent,https://lims.leg.bc.ca/public/images/mla-headshots/43/small/Chapman-Brent.jpg,MLA Brent Chapman,Room 201,2503873507,(250) 387-3507,,,Parliament Buildings,Victoria,V8V 1X4,205/206 - 15850 - 24th Avenue,205/206,15850 24th Avenue,,Surrey,V3Z 0G1,604-541-4556,(604) 541-4556,,,,,
SWR,Surrey-White Rock,Mr.,Mr.,Trevor,Halford,trevor.halford.MLA@leg.bc.ca,,Independent,Independent,Independent,,"2020, 2024",False,,False,,False,,https://www.leg.bc.ca/members/43rd-Parliament/Halford-Trevor,https://lims.leg.bc.ca/public/images/mla-headshots/43/small/Halford-Trevor.jpg,MLA Trevor Halford,Room 201,2503873507,(250) 387-3507,,,Parliament Buildings,Victoria,V8V 1X4,#101-1493 Johnston Road,101,1493 Johnston Road,,White Rock,V4B 3Z4,6045423930,(604) 542-3930,,,,,
VFV,Vancouver-Fraserview,Mr.,Mr.,George,Chow,George.Chow.MLA@leg.bc.ca,,British Columbia New Democratic Party,BC NDP,NDP,,"2017, 2020, 2024",False,,False,,False,,https://www.leg.bc.ca/members/43rd-Parliament/Chow-George,https://lims.leg.bc.ca/public/images/mla-headshots/43/small/Chow-George.jpg,MLA George Chow,BC NDP MLA Offices,2503873655,(250) 387-3655,2503564680,(250) 356-4680,Parliament Buildings,Victoria,V8V 1X4,#112 - 2609 East 49th Ave,112,2609 East 49th Ave,,Vancouver,V5S 1J9,6046602035,(604) 660-2035,6046602368,(604) 660-2368,,,
VHA,Vancouver-Hastings,Ms.,Ms.,Niki,Sharma,Niki.Sharma.MLA@leg.bc.ca,AG.Minister@gov.bc.ca,British Columbia New Democratic Party,BC NDP,NDP,Attorney General | Deputy Premier,"2020, 2024",True,Hon.,False,,True,K.C.,https://www.leg.bc.ca/members/43rd-Parliament/Sharma-Niki,https://lims.leg.bc.ca/public/images/mla-headshots/43/small/Sharma-Niki.jpg,MLA Niki Sharma,Attorney General & Deputy Premier,2503871866,(250) 387-1866,,,Parliament Buildings,Victoria,V8V 1X4,3 & 4-2133 & 2135 East Hastings Street,,3 & 4-2133 & 2135 East Hastings Street,,Vancouver,V5L 1V2,6047752277,(604) 775-2277,,,,,Niki.Sharma.MLA@leg.bc.ca
VKE,Vancouver-Kensington,Ms.,Ms.,Mable,Elmore,Mable.Elmore.MLA@leg.bc.ca,,British Columbia New Democratic Party,BC NDP,NDP,,"2009, 2013, 2017, 2020, 2024",False,,False,,False,,https://www.leg.bc.ca/members/43rd-Parliament/Elmore-Mable,https://lims.leg.bc.ca/public/images/mla-headshots/43/small/Elmore-Mable.jpg,MLA Mable Elmore,Parliament Buildings,,,,,Parliament Buildings,Victoria,V8V 1X4,6106 Fraser Street,,6106 Fraser Street,,Vancouver,V5W 3A1,6047751033,(604) 775-1033,6047751330,(604) 775-1330,,,Mable.Elmore.MLA@leg.bc.ca
VLA,Vancouver-Langara,Ms.,Ms.,Sunita,Dhir,Sunita.Dhir.MLA@leg.bc.ca,,British Columbia New Democratic Party,BC NDP,NDP,,2024,False,,False,,False,,https://www.leg.bc.ca/members/43rd-Parliament/Dhir-Sunita,"https://lims.leg.bc.ca/public/images/mla-headshots/43/small/Dhir, Sunita.JPG",MLA Sunita Dhir,Parliament Buildings,,,,,Parliament Buildings,Victoria,V8V 1X4,6615 Main Street,,6615 Main Street,,Vancouver,V5X 3H3,6046608380,(604) 660-8380,,,,,Sunita.Dhir.MLA@leg.bc.ca
VLM,Vancouver-Little Mountain,Ms.,Ms.,Christine,Boyle,Christine.Boyle.MLA@leg.bc.ca,HMA.Minister@gov.bc.ca,British Columbia New Democratic Party,BC NDP,NDP,Minister of Housing and Municipal Affairs,2024,True,Hon.,False,,False,,https://www.leg.bc.ca/members/43rd-Parliament/Boyle-Christine,https://lims.leg.bc.ca/public/images/mla-headshots/43/small/Boyle-Christine.jpg,MLA Christine Boyle,Indigenous Relations and Reconciliation,2509534844,(250) 953-4844,,,Parliament Buildings,Victoria,V8V 1X4,Unit 100 - 75 W. Broadway,100,75 W Broadway,,Vancouver,V5Y 1P1,604 660 0551,(604) 660-0551,,,,,
VNP,Vancouver-Point Grey,Hon.,Mr.,David,Eby,David.Eby.MLA@leg.bc.ca,Premier@gov.bc.ca,British Columbia New Democratic Party,BC NDP,NDP,Premier and President of the Executive Council,"2013, 2017, 2020, 2024",True,Hon.,False,,True,K.C.,https://www.leg.bc.ca/members/43rd-Parliament/Eby-David,https://lims.leg.bc.ca/public/images/mla-headshots/43/small/Eby-David.jpg,MLA David Eby,Premier's Office,2503871715,(250) 387-1715,2503870087,(250) 387-0087,Parliament Buildings,Victoria,V8V 1X4,2909 West Broadway,,2909 West Broadway,,Vancouver,V6K 2G6,604-660-1297,(604) 660-1297,604-660-0862,(604) 660-0862,,,David.Eby.MLA@leg.bc.ca
VNQ,Vancouver-Quilchena,Ms.,Ms.,Dallas,Brodie,Dallas.Brodie.MLA@leg.bc.ca,,Independent,Independent,Independent,,2024,False,,False,,False,,https://www.leg.bc.ca/members/43rd-Parliament/Brodie-Dallas,https://lims.leg.bc.ca/public/images/mla-headshots/43/small/Brodie-Dallas.png,MLA Dallas Brodie,Independent Offices,,,,,Parliament Buildings,Victoria,V8V 1X4,204-5701 Granville Street,204,5701 Granville Street,,Vancouver,V6M 4J7,16046640748,(604) 664-0748,,,,,
VNR,Vancouver-Renfrew,Mr.,Mr.,Adrian,Dix,Adrian.Dix.MLA@leg.bc.ca,ECS.Minister@gov.bc.ca,British Columbia New Democratic Party,BC NDP,NDP,Minister of Energy and Climate Solutions,"2005, 2009, 2013, 2017, 2020, 2024",True,Hon.,False,,False,,https://www.leg.bc.ca/members/43rd-Parliament/Dix-Adrian,https://lims.leg.bc.ca/public/images/mla-headshots/43/small/Dix-Adrian.jpg,MLA Adrian Dix,Energy and Climate Solutions,7786987671,(778) 698-7671,,,Parliament Buildings,Victoria,V8V 1X4,5022 Joyce Street,,5022 Joyce Street,,Vancouver,V5R 4G6,604-660-0314,(604) 660-0314,,,,,
VNS,Vancouver-South Granville,Ms.,Ms.,Brenda,Bailey,Brenda.Bailey.MLA@leg.bc.ca,,British Columbia New Democratic Party,BC NDP,NDP,Minister of Jobs and Economic Growth,"2020, 2024",True,Hon.,False,,False,,https://www.leg.bc.ca/members/43rd-Parliament/Bailey-Brenda,https://lims.leg.bc.ca/public/images/mla-headshots/43/small/Bailey-Brenda.jpg,MLA Brenda Bailey,Finance,2503873751,(250) 387-3751,,,Parliament Buildings,Victoria,V8V 1X4,104-1245 West Broadway,104,1245 West Broadway,,Vancouver,V6H 1G7,604-775-2601,(604) 775-2601,,,,,
VNW,Vancouver-West End,Mr.,Mr.,Spencer,Chandra Herbert,s.chandraherbert.mla@leg.bc.ca,IRR.Minister@gov.bc.ca,British Columbia New Democratic Party,BC NDP,NDP,Minister of Indigenous Relations and Reconciliation,"2008, 2009, 2013, 2017, 2020, 2024",True,Hon.,False,,False,,https://www.leg.bc.ca/members/43rd-Parliament/Chandra%20Herbert-Spencer,https://lims.leg.bc.ca/public/images/mla-headshots/43/small/Chandra-Herbert-Spencer.jpg,MLA Spencer Chandra Herbert,"Tourism, Arts, Culture and Sport",2509530905,(250) 953-0905,,,Parliament Buildings,Victoria,V8V 1X4,923 Denman St,,923 Denman St,,Vancouver,V6G 2L9,6046607307,(604) 660-7307,6046607300,(604) 660-7300,,,s.chandraherbert.mla@leg.bc.ca
VNY,Vancouver-Yaletown,Mr.,Mr.,Terry,Yung,Terry.Yung.MLA@leg.bc.ca,MSPSSG.Minister@gov.bc.ca,British Columbia New Democratic Party,BC NDP,NDP,Minister of State for Community Safety and Integrated Services,2024,True,Hon.,False,,False,,https://www.leg.bc.ca/members/43rd-Parliament/Yung-Terry,https://lims.leg.bc.ca/public/images/mla-headshots/43/small/Yung-Terry.jpg,MLA Terry Yung,Minister of State for Community Safety & Integrated Services,,,,,Parliament Buildings,Victoria,V8V 1X4,208-1110 Hamilton Street,208,1110 Hamilton Street,,Vancouver,V6B 2S2,604-660-2622,(604) 660-2622,,,,,
VRL,Vernon-Lumby,Ms.,Ms.,Harwinder,Sandhu,Harwinder.Sandhu.MLA@leg.bc.ca,,British Columbia New Democratic Party,BC NDP,NDP,,"2020, 2024",False,,False,,False,,https://www.leg.bc.ca/members/43rd-Parliament/Sandhu-Harwinder,https://lims.leg.bc.ca/public/images/mla-headshots/43/small/Sandhu-Harwinder.jpg,MLA Harwinder Sandhu,Parliament Buildings,,,,,Parliament Buildings,Victoria,V8V 1X4,Unit B - 2920 28th Avenue,B,2920 28th Avenue,,Vernon,V1T 1V9,2505033600,(250) 503-3600,,,,,Harwinder.Sandhu.MLA@leg.bc.ca
VTB,Victoria-Beacon Hill,Ms.,Ms.,Grace,Lore,Grace.Lore.MLA@leg.bc.ca,,British Columbia New Democratic Party,BC NDP,NDP,Minister without portfolio,"2020, 2024",True,Hon.,False,,False,,https://www.leg.bc.ca/members/43rd-Parliament/Lore-Grace,https://lims.leg.bc.ca/public/images/mla-headshots/43/small/Lore-Grace.jpg,MLA Grace Lore,Parliament Buildings,,,,,Parliament Buildings,Victoria,V8V 1X4,1084 Fort St,,1084 Fort St,,Victoria,V8V 3Z9,2509524211,(250) 952-4211,,,,,Grace.Lore.MLA@leg.bc.ca
VTS,Victoria-Swan Lake,Ms.,Ms.,Nina,Krieger,Nina.Krieger.MLA@leg.bc.ca,PSSG.Minister@gov.bc.ca,British Columbia New Democratic Party,BC NDP,NDP,Minister of Public Safety | Solicitor General,2024,True,Hon.,False,,False,,https://www.leg.bc.ca/members/43rd-Parliament/Krieger-Nina,https://lims.leg.bc.ca/public/images/mla-headshots/43/small/Krieger-Nina.jpg,MLA Nina Krieger,Public Safety and Solicitor General,2503562178,(250) 356-2178,,,Parliament Buildings,Victoria,V8V 1X4,#100 - 3185 Tillicum Road,100,3185 Tillicum Road,,Victoria,V9A 0C7,2503565013,(250) 356-5013,,,2503602027,(250) 360-2027,
WKP,West Kelowna-Peachland,Mr.,Mr.,Macklin,McCall,Macklin.McCall.MLA@leg.bc.ca,,Conservative Party of British Columbia,Conservative Party of British Columbia,Conservative,,2024,False,,False,,False,,https://www.leg.bc.ca/members/43rd-Parliament/McCall-Macklin,https://lims.leg.bc.ca/public/images/mla-headshots/43/small/McCall.PNG,MLA Macklin McCall,Room 201,2503873507,(250) 387-3507,,,Parliament Buildings,Victoria,V8V 1X4,102-3731 Old Okanagan Hwy,102,3731 Old Okanagan Hwy,,West Kelowna,V4T 0G7,250-768-8426,(250) 768-8426,,,,,
WVC,West Vancouver-Capilano,Ms.,Ms.,Lynne,Block,Lynne.Block.MLA@leg.bc.ca,,Conservative Party of British Columbia,Conservative Party of British Columbia,Conservative,,2024,False,,False,,False,,https://www.leg.bc.ca/members/43rd-Parliament/Block-Lynne,https://lims.leg.bc.ca/public/images/mla-headshots/43/small/LBlock-Headshot-Preferred (1).jpg,MLA Lynne Block,Room 201,2503873507,(250) 387-3507,,,Parliament Buildings,Victoria,V8V 1X4,2235 Marine Drive,,2235 Marine Drive,,West Vancouver,V7V 1K5,604-981-0050,(604) 981-0050,,,,,
WVS,West Vancouver-Sea to Sky,Mr.,Mr.,Jeremy,Valeriote,Jeremy.Valeriote.MLA@leg.bc.ca,,British Columbia Green Party,BC Green Party,Green,,2024,False,,False,,False,,https://www.leg.bc.ca/members/43rd-Parliament/Valeriote-Jeremy,https://lims.leg.bc.ca/public/images/mla-headshots/43/small/Valeriote-Jeremy.jpg,MLA Jeremy Valeriote,BC Green MLA Offices,2503878347,(250) 387-8347,,,Parliament Buildings,Victoria,V8V 1X4,"Meeting Room, 38551 Loggers Lane",Meeting Room,38551 Loggers Lane,,Squamish,V8B 0H2,+17786555768,(778) 655-5768,,,18884241658,1-888-424-1658,Jeremy.Valeriote.MLA@leg.bc.ca
